method,family,spearman,kendall_tau,pearson,relative_l2,mae,rmse,tie_fraction_truth,n,coverage,nominal,coverage_gap,mean_width,median_width,crossing_rate,width_wrong,width_right,width_ratio_wrong_right,n_wrong,aurc,aurc_oracle,e_aurc,error_auroc,best_epoch,best_val_spearman,train_seconds,n_train,n_val,n_test,params
saqa_stgcn,neural,0.10811506727190685,0.07705910788944852,0.28458867611508476,0.5536672878001841,0.3728891387581825,0.4151297137729638,0.18,50.0,0.98,0.9,0.07999999999999996,1.3044786313176155,1.3109347894787788,0.0,1.3052930262955753,1.2985064014792442,1.0052264854517465,44.0,0.3337014345969519,0.21483438596950089,0.11886704862745101,0.5113636363636364,1.0,0.023722113343585097,16.446585400000913,128.0,22.0,50.0,10384.0
stgcn_dense,neural,0.10811506727190685,0.07705910788944852,0.28458867611508476,0.5536672878001841,0.3728891387581825,0.4151297137729638,0.18,50.0,0.98,0.9,0.07999999999999996,1.3044786313176155,1.3109347894787788,0.0,1.3052930262955753,1.2985064014792442,1.0052264854517465,44.0,0.3337014345969519,0.21483438596950089,0.11886704862745101,0.5113636363636364,1.0,0.023722113343585097,3.785287199978484,128.0,22.0,50.0,10384.0
stgcn_reference,neural,0.10811506727190685,0.07705910788944852,0.28458867611508476,0.5536672878001841,0.3728891387581825,0.4151297137729638,0.18,50.0,0.98,0.9,0.07999999999999996,1.3044786313176155,1.3109347894787788,0.0,1.3052930262955753,1.2985064014792442,1.0052264854517465,44.0,0.3337014345969519,0.21483438596950089,0.11886704862745101,0.5113636363636364,1.0,0.023722113343585097,3.335571500007063,128.0,22.0,50.0,10384.0
tcn,neural,0.3126909273035595,0.21294828739342228,0.32203816639908167,0.5107881738539038,0.3412887790799141,0.38297973003438734,0.18,50.0,1.0,0.9,0.09999999999999998,1.334478969015181,1.347363356500864,0.0,1.3331176832732228,1.3467305406928063,0.989891921948558,45.0,0.34407541473921477,0.19053436620779218,0.15354104853142259,0.4177777777777778,1.0,-0.16492516896016304,1.3903962000040337,128.0,22.0,50.0,122707.0
lstm,neural,-0.19884503909385448,-0.14003214229372904,-0.3080933118492269,0.47730293476413554,0.3127307137846947,0.35787310368088776,0.18,50.0,1.0,0.9,0.09999999999999998,1.3128658036887646,1.3114824704825878,0.0,1.3129452294246717,1.3122833482921124,1.0005043736426442,44.0,0.32382141784996193,0.16701967772326662,0.15680174012669532,0.4962121212121212,0.0,0.09262920448447513,4.613505399989663,128.0,22.0,50.0,159859.0
frame_average,neural,-0.11601300537105727,-0.0754019227735464,-0.2784477746954098,0.32894206649978575,0.19158839911222458,0.2466348092488802,0.18,50.0,0.98,0.9,0.07999999999999996,0.9445685924589634,0.9767785184085369,0.0,0.924351075003224,0.9775550683078013,0.9455744284598963,31.0,0.25270571304729383,0.0845760828235719,0.16812963022372193,0.3837011884550085,1.0,0.11804575449545919,0.3095086999819614,128.0,22.0,50.0,25965.0
kinematic_gbr,baseline,0.24604003505219244,0.1632327339163587,0.21616509295761616,0.2767272142457101,0.16377130333468057,0.20748505785747284,0.18,50.0,0.68,0.9,-0.21999999999999997,0.4970273292921366,0.5040140720907433,0.0,0.4904473865457065,0.5061139168943497,0.9690454464386651,29.0,0.20484599572891496,0.06843569647717498,0.13641029925173997,0.3645320197044335,,,,,,,
dtw_reference,baseline,0.5654289101151363,0.411625170629432,0.5467502910607697,0.23598059101259847,0.14002405144758348,0.17693397706817213,0.18,50.0,0.88,0.9,-0.020000000000000018,0.5971890131822616,0.5971890131822615,0.0,0.5971890131822615,0.5971890131822614,1.0000000000000002,30.0,0.15560633278496336,0.05896851809709852,0.09663781468786484,0.44416666666666665,,,,,,,
framewise_reference,baseline,0.2446888378147407,0.16928231391427948,0.19870469915708613,0.31493531959900606,0.1893700145096705,0.2361328038750148,0.18,50.0,0.74,0.9,-0.16000000000000003,0.5999189640084903,0.5999189640084903,0.0,0.5999189640084903,0.5999189640084903,1.0,33.0,0.18365192637648903,0.0828222369497522,0.10082968942673683,0.43404634581105167,,,,,,,
