method,gait,gait__n,lunge,lunge__n,overhead_press,overhead_press__n,squat,squat__n,throw,throw__n
saqa_stgcn,0.5566825952853633,54.0,0.3554815161998153,58.0,0.3629947470734198,48.0,0.5012935648244481,39.0,0.2594848290688927,51.0
stgcn_dense,0.4981887874103208,54.0,0.24811284672082468,58.0,0.3109289435371635,48.0,0.45485496193415736,39.0,0.28167701213682467,51.0
tcn,0.036263110357995794,54.0,0.45218728107497963,58.0,0.3505619326732084,48.0,0.5641580490864136,39.0,0.3012315996761909,51.0
lstm,0.11717827353325035,54.0,0.40737842762421833,58.0,0.36386341532845634,48.0,0.5539172218114805,39.0,0.34024982318497293,51.0
frame_average,0.25742613882947385,54.0,0.18894297146259795,58.0,0.42168414605433013,48.0,0.3864137895521787,39.0,0.45130169009458315,51.0
kinematic_gbr,0.5338036613055553,54.0,0.6172465789307412,58.0,0.6209349270533506,48.0,0.7672508909843443,39.0,0.5300657496717515,51.0
dtw_reference,0.42221834121471724,54.0,0.5122777042652926,58.0,0.5773372897607241,48.0,0.47346981873638766,39.0,0.4984714704673013,51.0
framewise_reference,0.32006226752245837,54.0,0.40919275081212636,58.0,0.514952713226103,48.0,0.593977313839448,39.0,0.36188060901132146,51.0
untrained_stgcn,-0.18387737507541957,54.0,-0.22907106634377492,58.0,-0.4349313369436384,48.0,-0.05586827552958554,39.0,0.07062708993482589,51.0
